brand_id,brand_name
344286,Craisins
344289,Growing Goodness
344291,Wave
344287,Cran Energy
344288,Craveology
344290,Ocean Spray
344292,Organic Valley
341833,Crystal Sugar
343023,Cloverdale
343028,Mountain Lakes
343026,Golden Goodness
343024,Country Cream
343029,Wüthrich
343027,Grasssland
343025,Fall Creek
342926,Pederson Farms
342924,Foster Farms
342925,Lynden Farms
342923,Fircrest Farms
344331,Mahakosh
344334,Ruchi Gold
344332,Nutrela
344335,Sunrich
344333,Patanjali
342181,Hudson
342179,Fiona
342177,Chambal
342182,Masterline
342180,Gagan
342178,Dalda
342176,Bunge
342136,Samuel Adams
342138,Twisted Tea
342134,Boston Beer
342137,Truly Hard Seltzer
342135,Dogfish Head Craft Brewery
342133,Angry Orchard Hard Cider
342169,New Mix
342160,Early Times
342167,Jack Daniels
342158,Collingwood
342174,Sonoma-Cutrer
342165,Glenglassaugh
342156,Canadian Mist
342172,Sinatra Select
342163,Gentleman Jack
342154,BenRiach
342170,Old Forester
342161,el Jimador
342168,Korbel
342159,Coopers� Craft
342175,Woodford Reserve
342166,Herradura
342157,Chambord
342173,Slane
342164,GlenDronach
342155,Brown-Forman
342171,Pepe Lopez
342162,Finlandia
344930,Jim Beam
344937,Teacher's
344928,Cruzan
344935,Skinny Girl (spirits)
344926,Canadian Club
344933,Pinnacle
344931,Knob Creek
344929,Hornitos
344936,Suntory
344927,Courvoisier
344934,Sauza
344925,Basil Hayden's
344932,Maker's Mark
342519,Inc. Robert Mondavi
342487,Inc. Black Box
342503,Inc. Kentucky Tavern
342526,Inc. Taylor
342494,Inc. Double Diamond
342510,Inc. Mr. Boston
342485,Inc. Arbor Mist
342501,Inc. Inglenook
342517,Inc. Prisoner
342524,Inc. St. Pauli Girl
342492,Inc. Copper & Kings
342508,Inc. Modelo
342483,Inc. 99 Schnapps
342499,Inc. Four Corners Brewing
342515,Inc. Point
342522,Inc. Simi
342490,Inc. Chi-Chi's
342506,Inc. Manischewitz
342529,Inc. Tsingtao
342481,Constellation
342497,Inc. Estancia
342513,Inc. Paso Creek
342520,Inc. Ruffino
342488,Inc. Booker
342504,Inc. Kim Crawford Wines
342527,Inc. Ten High
342495,Inc. Effen Vodka
342511,Inc. Mystic Cliffs
342486,Inc. Barton
342502,Inc. J. Roget
342518,Inc. Red Guitar
342525,Inc. Svedka
342493,Inc. Corona Hard Seltzer
342509,Inc. Montezuma
342484,Inc. Almaden
342500,Inc. Funky Buddha
342516,Inc. Primal Roots
342523,Inc. Simply Naked
342491,Inc. Cook's
342507,Inc. Meiomi
342482,Inc. 1792 Ridgemont Reserve
342498,Inc. Fleischmann's (liquor)
342514,Inc. Peroni
342521,Inc. Schrader
342489,Inc. Canadian LTD
342505,Inc. LaTerre
342528,Inc. Toasted Head
342496,Inc. Empathy
342512,Inc. Obregon
341851,Bacardi Specialty Malt Beverages
341867,Haywards
341883,Rio Cristal
341858,Busch
341874,Land Shark Lager
341890,Victoria
341849,Anheuser World Select
341865,Goose Island
341881,Quilmes
341856,Bud
341872,King Cobra
341888,Stella Artois
341863,Cusquena
341879,ODouls
341854,Boxing Cat
341870,Hurricane
341886,Salva Vida
341861,Chelada Bud
341877,Natural Ice
341852,Bare Knuckle Stout
341868,Hero
341884,Rock Green Light
341859,Cass
341875,Leffe
341891,Wals
341850,Anheuser-Busch
341866,Harbin
341882,Redbridge
341857,Budweiser
341873,Labatt
341889,Stone Mill Pale Ale
341848,Aguila
341864,Eagle
341880,Patagonia
341855,Brahma
341871,Jupiler
341887,Shock Top
341862,Corona
341878,Natural Light
341853,Becks
341869,Hoegaarden
341885,Rolling Rock
341860,Castle
341876,Michelob
344024,Lech
344040,Roxie
344008,Coors Banquet
344031,Milwaukee's Best
343999,Aguila
344047,Topo Chico Hard Seltzer
344015,Golden Wing
344022,Icehouse
344038,Redd's Hard Apple
344006,Carling
344029,Miller High Life
344045,Sunny Provisions
344013,Foster's
344020,Herman Joseph's Private Reserve
344036,Peroni
344004,Blue Moon LightSky
344027,Mickey's
344043,Staropramen
344011,Cristal
344050,ZOA
344018,Happy Thursday
344034,Olde English 800
344002,Barmen Pilsner
344025,Leinenkugel's Summer Shandy
344041,Simply Spiked
344009,Coors Light
344032,Molson Canadian
344000,Arnold Palmer Spiked
344048,Tyskie
344016,Grolsch
344023,Keystone Light
344039,Revolver
344007,Colorado Native
344030,Miller Lite
343998,AC Golden
344046,Terrapin
344014,George Killian's Irish Red
344021,Hop Valley
344037,Pilsner Urquell
344005,Blue Run Spirits
344028,Miller Genuine Draft
344044,Steel Reserve Allow Series
344012,Cuseuqña
344019,Henry Weinhard's Gourmet Soda
344035,Peace Hard Tea
344003,Blue Moon Belgian White
344026,Leinenkugel's
344042,Sol Cerveza
344010,Creemore Springs
344017,Hamm's
344033,Molson Coors
344001,Atwater Brewery
344049,Vizzy
343238,Crazy Horse
343236,Arizona Hard
343239,Super LXR Hero Hydration
343237,Cherry Lime Rickey
343235,Arizona Beverage Co
343866,Martin's Lane
343857,Bearface
343864,Liquidity
343871,White Claw Hard Seltzer
343862,Glendalough Distillery
343869,Rey Azul
343860,Checkmate
343867,Mikes Hard Lemonade
343858,Cayman Jack
343865,Mark Anthony
343863,Lemon Life
343870,Road 13
343861,Dillons
343868,Mission Hill
343859,Cedarcreek
342730,Whitehaven
342682,Barefoot Cellars
342698,Ecco Domani
342714,McMurray Ranch
342689,Bridlewood Estate Winery
342705,High Noon Hard Seltzer
342721,Red Bicyclette
342680,Ballatore
342696,E. & J. Gallo Winery
342712,Martin Cádax
342728,Tott's
342687,Boone's Farm
342703,Gallo
342719,Polka Dot
342678,André
342694,DaVinci
342710,Louis M. Martini
342726,The Naked Grape
342733,Wycliff Sparkling
342685,Black Swan
342701,Familia Camarena Tequila
342717,New Amsterdam Gin
342692,Clarendon Hills
342708,Liberty Creek
342724,Sheffield Cellars
342731,Wild Vines
342683,Bartles & Jaymes
342699,Edna Valley Vineyard
342715,McWilliam's
342690,Carlo Rossi
342706,La Marca
342722,Red Rock Winery
342729,Turning Leaf
342681,Barefoot Bubbly
342697,E. & J.
342713,Maso Canali
342688,Brancaia
342704,Ghost Pines
342720,Rancho Zabaco
342679,Apothic
342695,Don Miguel Gascon
342711,Madria Sangria
342727,Tisdale Vineyards
342686,Bodega Elena de Mendoza
342702,Frei Brothers
342718,Peter Vella
342677,Alamos
342693,Dancing Bull
342709,Livingston Cellars
342725,Starborough
342732,William Hill Estate
342684,Bella Sera
342700,Fairbanks
342716,Mirassou
342691,Cask & Cream
342707,Las Rocas
342723,Redwood Creek
343684,iMuse
343682,Hyoketsu
343689,Spring Valley
343680,Gogo-no-Kocha
343687,Lemon
343678,Cognizin
343685,James Squire
343683,Ichiban
343690,XXXX
343681,Honkirin
343688,Nama-cha
343679,Four Roses
343686,Kirin
343677,Ch�teau Mercian
343543,Regaine
343511,Band-Aid
343527,Labo Labo
343534,Neostrata
343550,Tylenol
343518,Codral
343541,Piz Buin
343525,Imodium
343532,Motrin
343548,Sudafed
343516,Carefree
343539,Penaten
343523,Exuviance
343530,Lubriderm
343546,Rogaine
343514,Bengay
343537,O.B.
343553,Zyrtec
343521,Doktor Mom
343528,Le Petit Marseillais
343544,Rhinocort
343512,Bebe Young Care
343535,Neutrogena
343551,Visine
343519,Dabao
343542,Polysporin
343510,Aveeno
343526,Johnsons
343533,Neosporin
343549,Sundown
343517,Clean & Clear
343540,Pepcid
343524,Frenadol
343531,Maui Moisture
343547,Stayfree
343515,Calpol
343538,OGX
343522,Dr. Ci Labo
343529,Listerine
343545,Rogaine for Women
343513,Benadryl
343536,Nicorette
343552,Zarbees
343520,Desitin
342024,DEKALB
342088,Yasminelle
342040,Kogenate
342056,Nubeqa
342008,Aspirin Cardio
342072,Talcid
342079,Vitrakvi
342031,Fox
342047,Medrad Intego
341999,Afrin
342063,Roundup
342015,Bollgard II XtendFlex Cotton
342022,Corvus
342086,XtendiMax with VaporGrip Technology
342038,Jivi
342054,Nativo
342006,Arize
342070,Stratego
342077,Verquvo
342029,Eylea
342045,Mark 7 Arterion
341997,Adempas
342061,Rennie
342013,Bepanthen
342020,Climate FieldView
342084,Xpro
342036,Iberogast
342052,Mirena
342004,Aliqopa
342068,SmartStax
342075,Velum
342027,Diane-35
342043,Levitra
341995,Acceleron
342059,Qlaira
342011,Bayer
342018,Channel
342082,Xarelto
342034,Glucobay
342050,Medrad Stellant
342002,Aleve
342066,Serenade
342073,TruFlex Canola
342025,Deltapine
342089,Yaz
342041,Kovaltry
342057,Primovist
342009,Aspirin
342016,Bollgard
342080,Warrant
342032,Gastrogafin
342048,Medrad MRXperion
342000,Agroeste
342064,Sementes Agroceres
342023,CropStar
342087,Yasmin
342039,Kerendia
342055,Nexavar
342007,Asgrow
342071,Supradyn
342078,Visanne
342030,Flint
342046,Medrad Avanta
341998,Adengo
342062,Roundup Ready 2 Xtend
342014,Berocca
342021,Confidor
342085,XtendFlex Technology
342037,Intacta RR2 Pro
342053,Movento
342005,Alka-Seltzer
342069,Stivarga
342076,Ventavis
342028,Elevit
342044,Luna
341996,Adalat
342060,Redoxon
342012,Belt
342019,Claritin
342083,Xofigo
342035,Harness Branded Herbicides
342051,Miralax
342003,Alion
342067,Sivanto
342074,Ultravist
342026,DeRuiter
342042,Kyleena
342058,Prosaro
342010,Avelox
342017,Canesten
342081,WestBred
342033,Gaucho
342049,Medrad Spectris Solaris EP
342001,Aktren
342065,Seminis
342642,Degree
342658,TRESemm�
342649,Glance
342640,Close-up
342656,Spitfire
342647,Endust
342638,Beer Clean
342654,Sani-Sure
342645,Easy Paks
342661,Virex
342652,O-Cedar
342643,Diversey
342659,Twinkle
342650,Good sense
342641,Crew
342657,Suave
342648,Floor Science
342639,Behold
342655,Skidoo
342646,Ekcos
342662,Whistle
342653,Q-tips
342644,Dove
342660,Vaseline
342651,Lever 2000
342788,Ecolab
342588,Pet Central hB
342579,Caliber
342586,Live better
342577,Beauty 360
342584,Goodline
342582,Gold Emblem Abound
342589,Pop-Arazzi
342580,CVS Beauty
342587,One+Other
342578,Blade
342585,GSQ by Glamsquad
342583,Gold Emblem
342590,Total Home
342581,CVS Health
345169,Almus
345176,Well Beginnings
345174,Soap and Glory
345172,Duane Reade
345170,Benavides
345168,Ahumada
345175,Walgreens
345173,No7
345171,Boots
344673,Tugaboos
344671,Daylogic
344672,Rite Aid
344670,Big Win
343108,Green Chef
343106,Chefs Plate
343109,HelloFresh
343107,EveryPlate
341812,Amazon
341828,Stone & Beam
341819,Kitzy
341810,Amazon Fresh
341826,Solimo
341817,Happy Belly
341808,Amazon Aware
341824,Rivet
341815,Daily Ritual
341831,Wild Meadow
341822,Presto!
341813,Basic Care
341829,Wag
341820,Mama Bear
341811,Amazon Go
341827,Spotted Zebra
341818,Iris & Lilly
341809,Amazon Elements
341825,Simple Joys
341816,Good Threads
341832,Wonder Bound
341807,365 by Whole Foods Market
341823,Ravenna Home
341814,Core 10
341830,Whole Foods Market
341821,Moon and Back
342120,Cento
342125,Sun Noodle
342123,Rumi Spice
342121,Country Natural
342119,Blue Apron
342126,Vermont Creamery
342124,Severino
342122,Reeves Farms
343035,Grocery Outlet
344889,Pro Selection
344887,Brunetti
344885,Baby Essentials
344892,Trainer's Choice
344890,Quality Day
344888,Precissimo
344886,Borque
344893,Valley Foods
344884,Autovit
344891,Soriana
343989,Metro
343987,Irresistables
343990,Selection
343988,Life Smart
341805,Circle K
341806,Ingo
341804,Alimentaation Couche-Tard
344795,McDaniels Coffee
344779,Bramley's
344802,Save Today
344786,Glo
344793,Marcum
344809,Worlds Fair
344777,Being Well
344800,Pickwell Farms
344784,Farmington
344791,Kurtz
344807,Sunny's
344798,Nutsome
344782,Crystal Falls
344789,Jade Dragon
344805,So Cheezy
344796,Morning Delight
344780,Coburn Farms
344787,Grissoms
344803,Save-A-Lot
344794,Market Selections
344778,Boardwalk
344801,Portside
344785,Ginger Evans
344792,Mantias
344808,Tipton Grove
344799,Optim
344783,Eastons
344790,Kiggins
344806,State Street Poultry
344797,Newbury Mills
344781,Cody's
344788,J. Higgs
344804,Se�ora Verda
342789,Certified Oil
342796,Quik Stop
342794,Loaf 'N Jug
342792,Fastrac
342799,Turkey Hill
342790,Cumberland Farms
342797,Sprint
342795,Minit Mart
342793,KwikShop
342791,EG Group
342798,Tom Thumb
343810,Pharmaprix
343799,Fortinos
343817,Stores in Newfoundland and Labrador
343808,PC Optimum Insiders Subscription
343824,Your Independent Grocer
343797,Beauty Boutique by Shoppers Drug Mart
343815,Shoppers Drug Mart
343804,Medical Cannabis by Shoppers
343806,PC Express
343822,Wellwise by Shoppers
343813,Quo
343802,Loblaw
343820,TNT Supermarket
343811,Presidents Choice
343800,Joe Fresh
343818,The Health Clinic by Shoppers
343809,PC Optimum
343825,Zehrs
343798,Extra Foods
343816,Specialty Health Network by Shoppers
343805,No Frills
343807,PC Financial
343823,Wholesale Club
343796,Atlantic Superstore
343814,Real Canadian Superstore
343803,Maxi
343821,Valu-mart
343812,Provigo
343801,Life Brand
343819,Theodore and Pringle
345136,Essential Everday
345145,United Natural Foods
345134,Culinary Circle
345143,Super Chill
345132,Arctic Shores
345139,Mt Vikos
345141,Springfield
345137,Field Day
345146,Wild harvest
345135,Equaline
345144,Tumaro's
345133,Asian Gourmet
345142,Stone Ridge Creamery
345138,Koyo
345140,Shoppers Value
345147,Woodstock
342805,Panache
342803,Eight Treasures
342801,Chalo!
342806,Sobeys
342804,Empire Company
342802,Compliments
342800,Best Buy
341702,Gall & Gall
341693,Albert Hejin
341709,Retail Business Services
341700,Food Lion
341707,Peapod Digital Labs
341698,ENA
341705,Maxi
341696,bol.com
341712,Tempo
341703,Giant Food
341694,Albert
341710,Stop & Shop
341701,Fresh Direct
341692,Ahold Delhaize
341708,Pingo Doce
341699,Etos
341706,Mega Image
341697,Delhaize
341713,The Giant Company
341704,Hannaford
341695,Alfa Beta
341711,Super Indo
341655,Speedway
341653,Raise the Roost
341651,Big Gulp
341656,Stripes
341654,Slurpee
341652,Laredo Taco Company
341650,7-Eleven
342090,Big Lots
342093,Wilson & Fisher
342091,Just Home
342092,Living Colors
344909,Our Family
344907,Fresh & Finest
344910,SpartanNash
344908,Open Acres
344911,Sprouts Farmers Market
341780,Open Nature
341778,Lucerne Dairy Farms
341785,Value Corner
341776,Albertsons
341783,Signature Reserve
341781,Primo Taglio
341779,O Organics
341786,Waterfront Bistro
341777,Debi Lilly Design
341784,Signature Select
341782,Signature Cafe
342225,Good Nature pork
342232,Truvia
342223,Cargill
342230,Sterling Silver
342228,Rumba
342226,Honeysuckle White turkey
342233,Wilbur Chocolate
342224,Diamond Crystal
342231,Tender Choice pork
342229,Shady Brook Farms turkey
342227,Peter's Chocolate
345198,Weis Quality
345196,Weis Fresh From the Field
345199,Weis Signature Collection
345197,Weis Markets
341893,KO Corp.
341892,ARKO
343775,Simple Truth
343759,Fred Meyer
343766,Mariano�s
343773,Ralphs
343757,Food 4 Less
343764,Kroger
343771,Private Selection
343755,Comforts
343762,Jay C Food Store
343753,Baker�s
343769,Pet Pride
343776,Smith�s Food and Drug
343760,Fry�s
343751,Abound
343767,Metro Market
343774,Ruler
343758,Foods Co
343765,Luvsome
343772,QFC
343756,Dillons
343763,King Soopers
343754,City Market
343770,Pick�n Save
343761,Gerbes
343752,Bakery Fresh Goodness
343768,Pay-Less Super Markets
342234,Casey's
343787,Lidl
343786,Best Market
344339,Sahil
344337,Annapurna Simply Vegetarian
344338,Patel Brothers
344336,Air Tours Inc
341657,99 Ranch
344108,Natural Grocers
344833,Sedanos Supermarkets
342930,Fresh Thyme Farmers Market
342902,Festival Foods
344938,Superior Grocers
343856,Marc Glassman Inc.
343052,Goodies
343050,Arizona Farm
343057,Organic Farm
343055,Ktown
343053,H Mart
343051,Danya
343058,Tong Tong Bay
343056,Ohsung
343054,HAIO
344282,Northgate Gonzalez Market
342328,Holiday
342326,Cobron's
342324,Caribou Coffee
342331,Market Place Foods
342322,Ace
342329,Hornbachers
342327,Dunn Bros
342325,Cash Wise
342332,Subway
342323,Captain Jack�s Liquor Land
342330,Little Dukes
344685,LeBlanc's Food Store
344686,Rouses Markets
342829,Fareway
342828,Fareway Meat & Grocery
345156,Vallarta Supermarkets
342929,Fresh Market
342143,Brookshire Brothers Pharmacy
342148,Polk Pick-It-Up
342146,David's Supermarkets
342144,Brookshire Brothers
342142,Brookshire Brothers Express
342149,Tobacco Barn
342147,Pecan Foods
342145,David's Express
343021,Gopuff
343022,Liquor Barn
345214,Woodman's Food Markets
343015,Lily Morgan
343013,Giant Tiger
343011,ACX active
343018,mySTYLE
343016,Monkey Bars
343014,Giant Value
343012,Bella & Birdie
343019,Survival Gear
343017,Mountain Ridge
345160,Village Supermarket
345158,Gourmet Garage
345159,ShopRite
345157,Fairway Market
342095,Dining In
342094,Big Y Foods
343562,K-VA-T
343569,Terry's Best
343560,Food City Premium Brands Holdings Corp.
343567,Moore's
343558,Food City 500
343565,Lay Meats
343556,Bistro Deli Classics
343563,Kay's
343570,Terry's Classic Snacks
343561,Food City
343568,ShortCuts
343559,Food City Fresh
343566,Misty Mountain
343557,Evolve
343564,Kern's
342152,Spring Market
342150,Brookshire Grocery
342153,Super Foods
342151,Fresh
341803,Merchants Distributors (MDI)
341801,Alex Lee
341802,Lowes Foods
343669,Food Dynasty
343676,Urban Market
343674,SuperFresh
343672,Key Food Stores
343670,Food Universe
343675,The Food Emporium
343673,Marketplace
343671,Gala Fresh
344817,Shoppers Value
344815,Baby Basics
344818,Stone RIdge Creamery
344816,Schnucks
344919,Stater Bros Market
344811,PriceSmart Foods
344812,Save-On-Foods
344810,Bulkley Valley Wholesale
344813,Urban Fare
341664,Jolina
341662,Green Oasis
341669,Select Recipe
341660,Ex-Seed
341667,Oasis
341658,AAK Foodservice
341665,Kleckners
341663,International Collection
341661,ForA Butter
341668,Olioro
341659,Alpine Valley
341666,Lion
342629,Freedoms Choice
342630,Home Base
344775,Maxx Value Food
344773,Lucky California
344776,Save Mart
344774,Lucky
344772,FoodMaxx
343339,Milkco
343337,Ingles Markets
343338,Laura Lynn
344611,Food Source
344614,Raleys One Market
344612,Nob Hill Foods
344615,Sak'N Save
344610,Bel Air
344613,Raley's Supermarkets
342636,Demoulas Super Markets
342637,Market Basket
344263,Gortons
344270,Nordsee
344261,Flatfish
344277,YTC
344268,Nissui
344259,Euro Pacifico
344275,Three Oceans
344266,Nigico
344257,Cit� Marine
344273,TaiMei
344264,King & Prince
344271,Salmones Antartica
344262,Glacier Fish Company
344269,Nordic Seafood
344260,F.W. Bryce
344276,UniSea
344267,Nippon Cookery
344258,Emdepes
344274,Thair Elmar
344265,Kurose
344256,Australian Longline
344272,Sealord
344851,Shweetz Bakery
344849,Made-to-go
344850,Sheetz
344279,Northeast Grocery
344280,Price Chopper
344278,Market 32
344281,Tops
345206,WinCo Foods
344896,Fresco y M�s
344894,Chek Soda
344901,Whiskers & Tails
344899,Lip Lickin Chicken
344897,Harveys Supermarket
344895,Fisherman's Wharf
344902,Winn-Dixie
344900,Southeastern Grocers
344898,Hickory Sweet
345195,Wegmans
343006,Giant Eagle
343009,Nature's Basket
343007,Great to Go
343010,True Origin
343008,Market District
343289,Hy-Vee Prime Reserve
343296,Overjoy Ice Cream
343280,Hy-Vee Choice Reserve
343287,Hy-Vee Midwest Pork
343294,It's Your Churn
343278,Gustare Vita
343301,Whistling Tea
343285,Hy-Vee Hickory House
343292,Hy-Vee True
343276,Beaconsfield Bread Co.
343299,Til The Cows Come Home
343283,Hy-Vee Food Stores
343290,Hy-Vee Select
343297,Soiree
343281,Hy-Vee Energy Edge
343288,Hy-Vee One Step
343295,Nori Sushi
343279,Hy-Vee Angus Reserve
343302,Z�et
343286,Hy-Vee Mealtime
343293,Hy-Vee We all Scream!
343277,Good Graces
343300,Tonucci Pizza
343284,Hy-Vee Health Market
343275,Baking Stone Bread
343291,Hy-Vee Short Cuts
343298,Tablemakers
343282,Hy-Vee Food Stores Inc
341919,Best Choice
341917,Associated Wholesale Grocers
341920,Clearly by Best Choice
341918,Best Choice Superior Selections
341916,Always Save
345189,Wawa
345040,Trader Joe's
345162,Dearborn Market
345167,Wholesome Pantry
345165,The Fresh Grocer
345163,Paperbird
345161,Bowl & Basket
345166,Wakefern
345164,Price Rite Marketplace
344609,Swirl World
344607,RaceTrac
344605,Energy Dispatch
344608,Raceway
344606,Metroplex Energy
344597,PumpStart
344604,QuikTrip
344595,Hole Bunches
344602,QTea
344593,Freezoni
344600,QT Twister
344598,QT Kitchens
344596,Hotzi
344603,QuikShake
344594,Guaranteed Gasoline
344601,QT
344592,Fleetmaster
344599,QT Select Blend
343972,Room & Retreat
343963,Fresh Thyme Farmers Market
343970,Penny Smart
343961,Frederik's
343968,MTA Sport
343959,Edgar + Ash
343975,True Goodness
343966,Massini
343957,At Home with Meijer
343973,Studio M
343964,Fun Club
343971,Purple Cow
343962,Fresh from Meijer
343969,Ophelia Roe
343976,Wave Zone
343960,Falls Creek
343967,Meijer Inc
343958,Colorful Planet
343974,True Goodness by Meijer Organics
343965,Lake & Trail
342184,C&S
342185,Piggly Wiggly
342183,Best Yet
343068,Kitchen & Table
343059,Central Market
343066,H-E-Buddy
343064,H-E-B Select Ingredients
343062,GTC
343069,Mia's Mirror
343060,ChefStyle
343067,Hill Country Products
343065,H-E-B
343063,H-E-B Organics
343061,Cocinaware
344591,Publix
344589,Greenwise
344590,Publix Premium Brands Holdings Corp.
344950,House Recipe
344941,Block & Barrel
344957,Riserva
344948,Fire River Farms
344939,Arrezzio
344955,Portico Seafood
344946,Classic
344953,Newport Pride
344944,Casa Solana
344960,Wholesome Farms
344951,Imperial
344942,Buckhead Pride
344958,Supreme
344949,Freshpoint Natural
344940,Bakers Source
344956,Reliance
344947,Earth Plus
344954,Pica y Salpica
344945,Citavo
344952,Jade Mountain
344943,Butchers Block
344959,Sysco
341798,Specially Selected
341787,Aldi U.S.
341796,Pueblo Lindo
341794,liveGfree
341792,Fit & Active
341799,Trader Joe�s Co.
341790,Earth Growth
341788,Aldi
341797,Simply Nature
341795,Nevery Any!
341793,Little Journey
341800,Winking Owl Wine
341791,Elevation
341789,Barissimo Coffee
344681,Soothe
344679,Rodan & Fields
344677,Redefine
344684,Volume+
344675,Essentials
344682,Spotless
344680,Smooth+
344678,Reverse
344676,Recharge
344683,Unblemish
344674,Enhancements
342815,Editions De Parfums Frederic Malle
342822,Le Labo
342813,Darphin Paris
342820,La Mer
342811,Bumble and Bumble
342827,Too Faced
342818,Jo Malone London
342809,Aveda
342825,Smashbox
342816,Estee Lauder
342807,Aerin Beauty
342823,MAC
342814,Dr. Jart+
342821,Lab Series
342812,Clinique
342819,Kilian Paris
342810,Bobbi Brown
342826,Tom Ford Beauty
342817,GlamGlow
342808,Aramis
342824,Origins
342569,Philosphy
342537,Calvin Klein
342553,Kylie Baby
342560,Marc Jacobs
342576,Vera Wang
342544,Escada
342567,Orveda
342535,Bruno Banani
342551,Jovan
342558,Land of the free
342574,SKKN
342542,David Beckham
342565,Monange
342533,Bourjois
342549,Jil Sander
342572,Roberto Cavalli
342540,Coty
342556,Lacoste
342563,Miss Sporty
342547,Gucci
342570,Rimmel
342538,Cenoura & Bronze
342554,Kylie Cosmetics
342561,Max Factor
342545,Gabriela Sabatini
342568,Paixao
342536,Burberry
342552,Katy Perry
342559,Manhattan
342575,Tiffany & Co.
342543,Davidoff
342566,Nautica
342534,Bozzano
342550,Joop!
342573,Sally Hansen
342541,Covergirl
342557,Lancaster
342564,Miu Miu
342532,Adidas
342548,Hugo Boss
342571,Risqu�
342539,Chlo�
342555,Kylie Skin
342562,Mexx
342546,Good Kind Pure
344284,Nu Skin
344283,AgeLOC LumiSpa
345114,Ben & Jerry's
345130,Unilever
345121,Good Humor
345128,Slim-Fast
345119,Cornetto
345126,Lipton
345117,CarbSmart
345124,Hellmann�s
345131,Walls
345115,Breyers
345122,Heart Heartbrand
345113,Amora
345129,Solero
345120,Doriana
345127,Magnum
345118,Carte d'Or
345125,Knorr
345116,Calve
345123,Heart?Heartbrand
342312,Glad
342319,Poett
342310,Clorox
342317,Neocell
342308,Chux
342315,Liquid Plumr
342306,Brita
342313,Hidden Valley Ranch
342320,Rainbow Light
342311,Fresh Step
342318,Pine Sol
342309,CloroPro
342316,Natural Vitality CALM
342307,Burt's Bees
342314,Kingsford
342321,Renew Life
342305,Ayudin
342261,Feline Pine
342277,Simply Saline
342252,Aim
342268,Orajel
342284,Wellgate
342259,Close-Up
342275,Replens
342266,Legatrin
342282,Viviscal
342257,Clean Shower
342273,Pre-Seed
342264,Kaboom
342280,Trojan
342255,Batiste
342271,PB 8
342262,First Response
342278,Spinbrush
342253,Arm & Hammer
342269,Orange Glo
342285,XTRA
342260,Clump & Seal
342276,Scrub Free
342267,Nair
342283,Waterpik
342258,Clear Balance
342274,RepHresh
342265,L'ilCritters
342281,Vitafusion
342256,Church & Dwight
342272,Pepsodent
342263,Flawless
342279,Toppik
342254,Arrid
342270,Oxi Clean
342376,Hill's Prescription Diet
342383,Softsoap
342374,Hello
342381,Palmolive Dish Soap
342372,Filorga
342379,Lady Speed Stick
342368,Ajax
342370,EltaMD Skin Care
342386,Tom's of Maine
342377,Hill�s Science Diet
342384,Speed Stick
342375,Hill's Pet Nutrition
342382,PCA Skin
342373,Fleecy
342380,Murphy Oil Soap
342369,Colgate
342371,Fabuloso
342378,Irish Spring
342385,Suavitel
344577,Salvo
344545,Charmin
344561,Meta
344584,Tide
344536,Always
344552,Febreze
344568,Old Spice
344575,Rindex 3en1
344543,Cascade
344559,Just
344582,The Art of Shaving
344534,All Good
344550,Dreft
344566,Ninjamas
344573,Procter & Gamble
344541,Bounty
344557,Ivory
344580,Swiffer
344548,Dawn
344564,My Black Is Beautiful
344571,Pepto Bismol
344587,Zevo
344539,Aussie
344555,Head and Shoulders
344578,Secret
344546,Cheer
344562,Microban 24
344585,Venus
344537,Ambi Pur
344553,Gain
344569,Pampers
344576,Safeguard
344544,Charlie Banana
344560,Luvs
344583,This is L
344535,Always Discreet
344551,Era
344567,Olay
344574,Puffs
344542,Braun
344558,Joy+Glee
344581,Tampax
344533,Align
344549,Downy
344565,Native
344572,Prilosec OTC
344588,ZzzQuil
344540,Bounce
344556,Herbal Essences
344579,SK II
344547,Clearblue
344563,Mr. Clean
344570,Pantene
344586,Vicks
344538,Ariel
344554,Gillette
344111,Eye-V
344109,Age IQ 2
344116,Youth Factor
344114,NeoraFit
344112,Illumaboost
344110,EHT 2
344115,ProLuxe
344113,Neora
343504,MVRCK
343502,Awapuhi Wild Ginger
343509,Tea Tree
343507,Pro Tools
343505,Neuro
343503,MITCH
343508,Professional Hair Color
343506,Paul Mitchell
344814,Scentsy
344848,ShadowSense
344846,SeneGence
344844,MakeSense
344842,Glowify
344840,BrowSense
344847,SeneSun
344845,Neotight
344843,LipSense
344841,EyeSense
343492,L1FE
343490,Finiti
343495,Monavie
343493,Luminesce
343491,Jeunesse
343489,AM_PM Essentials
343496,Reserve
343494,M1ND
344633,Creme of Nature
344649,Lucky You
344640,Gatineau
344656,The Elizabeth Taylor Fragrance Collection
344631,Christina Aguilera Fragrances
344647,John Varvatos
344638,Eksperience
344654,Revlon
344629,Britney Spears Fragrances
344645,Jean Nate
344636,d-fi
344652,Orofluido
344627,Alred Sung
344643,Halston
344634,Curve
344650,Mariah Carey
344625,Allsaints
344641,Giorgio
344657,Wildfox
344632,CND
344648,Juicy Couture
344639,Elizabeth Arden
344655,Sinful Colors
344630,Charlie
344646,Jennifer Aniston
344637,Ed Hardy
344653,PureICE
344628,American Crew
344644,Intercosmo
344635,Cutex
344651,Mitchum
344626,Almay
344642,Grey Flannel
345221,NingXia
345219,KidScents
345226,Young Living Essential Oils
345217,Bloom
345224,Slique
345215,ART
345222,Savvy Minerals
345220,Nature's Ultra
345218,Einkorn
345225,Thieves Home
345216,BALANCE
345223,Seedlings
343908,Cityscape
343915,Live Fearlessly
343924,True Original
343906,Bella Belara
343913,Illuminia
343922,Thinking of You
343911,Enchanted Wish
343920,Satin
343909,Clear Proof
343916,Mary Kay
343918,MK Men
343907,Botanical Effects
343914,Lash Love Fanorama
343923,Time Wise
343905,Belara
343912,Forever Diamonds
343921,Thinking of Love
343910,Domain
343917,MK High Intensity
343919,Naturally
341841,Glister
341839,Clear Now
341846,Satinique
341837,Atmosphere
341844,Nutrilite
341835,Artistry Men
341842,iCook
341840,eSpring
341847,XS
341838,Bodykey
341845,Perfect Empowered Drinking Water
341836,Artistry
341843,Legacy of Clean
341834,Amway Corporation
344699,Ceramicol
344715,Klaro Pledge Cer�mica
344717,Lysoform
344733,Roma Coco
344690,Autan
344706,Fantastik
344724,Pipeunish
344697,Bravo
344713,Katameru Tenpuru
344731,Raid
344688,All Joy
344704,Echo
344722,Off
344738,Windex
344695,Blem
344711,Glade
344729,Pronto
344702,Drano
344720,Mr Muscle
344736,Scrubbing Bubbles
344693,Baygon
344709,Fuyi
344727,Polil
344700,Chemotox
344716,Klaro
344718,Method
344734,S. C. Johnson
344691,Babyganics
344707,FKILLA
344725,Pledge
344698,Caldrea
344714,Kiwi
344732,Ridsect
344689,All out
344705,Ecover
344723,Oust
344739,Ziploc
344696,Bon Ami
344712,Kabikiller
344730,Pyrel
344687,00 Null Null
344703,Duck
344721,Mrs. Meyers
344737,Shout
344694,Bio Shout
344710,Genie Pledge
344728,Pride
344701,Deb
344719,Mr Muscle Kleen
344735,Saran
344692,Bayclin
344708,Freedom
344726,Pliz
343422,Beef City Black
343486,Weddel
343438,G.F. Swift 1855 Brand
343454,Knock Out Meats
343470,Savora Sous Vide
343429,Clear River Farms
343445,Grass Run Farms
343461,Pierce Chicken
343477,Tatiara
343484,To Ricos
343436,Elite Prime
343452,King Island Beef
343468,Royal
343420,AMH
343427,Cedar River Farms
343443,Gormet Burger
343459,O'Kane
343475,Spring Creek
343482,Thousand Guineas
343434,Danola
343450,JBS
343466,Red Gum Creek
343418,Adaptable Meals
343425,Brooks Northern Meat Shoppe
343441,Gold'n Plump
343457,Moyer
343473,Showcase Premium Ground Beef
343480,The Honest Butcher
343432,DAK
343448,Hereford Boss
343464,Primo
343416,Aberdeen
343423,Beehive
343487,Wicked Pig
343439,Geo Adams
343455,Little Joe
343471,Seven Point
343478,Tender Valey
343430,Country Pride Chicken
343446,Great Southern
343462,Pilgrim's Pride Corporation
343421,Aspen Ridge Natural Beef
343485,Tulip
343437,Four Star Natural Beef
343453,Kitchen Range
343469,Sampco
343428,Chef's Exclusive
343444,Grainge
343460,Oak Crown
343476,Tajima
343483,Three Islands Tasmania
343435,Del Dia
343451,Just Bare Chicken
343467,Riverina Angus
343419,Albert Van Zoonen
343426,Canadian Diamond Beef
343442,Goodnature
343458,Northern Gold
343474,Spring Corssing Cattle Co
343481,Think Pure
343433,Danepak
343449,Imperial American Wagyu Beef
343465,Pure Prime
343417,Acres Organic
343424,Blue Ribbon Angus
343488,Yardstick
343440,Gold Kist Chicken
343456,Moy Park
343472,Shiro Kin
343479,The Green Butcher
343431,County Post
343447,Hans
343463,Plumrose
343415,5 Star Beef
343784,Vermont Creamery
343782,Kozy Shack
343783,Land O'Lakes
343781,Alpine Lace
344298,OSI
341687,Sealtest
341678,Island Farms
341685,Quebon
341676,ANCO
341683,OKA
341674,Agropur Signature
341690,Vaudreuil
341681,Masters Reserve
341688,Trega Foods
341679,La Lacteo
341686,Schroeder
341677,BiPro
341684,Olympic
341675,Allegro
341691,Yoplait
341682,Natrel
341673,Agropur Dairy Cooperative
341689,Ultramilk
341680,Lucerne
343226,Pillow Pack
343194,Black Label
343210,Fire Braised
343233,Valley Fresh
343201,Compleats
343217,Jennie-O
343192,Austin Blues
343208,Embasa
343224,Old Smokehouse
343231,Special Recipe
343199,Chi-Chi's
343215,Hormel Vital Cuisine
343190,Always Tender
343206,Don Miguel
343222,Mary Kitchen
343229,Skippy
343197,Caf� H
343213,Hormel Foods
343204,Di Lusso
343220,Layout
343227,Planter's
343195,Bread Ready
343211,Fontanini
343202,Cure 81
343218,Justin's
343193,Bacon 1
343209,Fast 'N Easy
343225,Oven Ready
343232,Thick & Easy
343234,Wholly
343200,Columbus
343216,House Of Tsang
343191,Applegate
343207,Do�a Maria
343223,Natural Choice
343230,Spam
343198,Ceratti
343214,Hormel Gatherings
343205,Dinty Moore
343221,Lloyd's
343228,Rosa Grande
343196,Burke
343212,Herdez
343203,Dan's Prize
343219,La Victoria
343839,Cappola
343855,Swift
343846,Maple Leaf Foods
343853,Schneider�s
343844,Leaf Foods Inc. Country Naturals
343851,Parma
343842,Hygrade
343849,Mitchell�s
343840,Greenfield Natural Meat Co.
343847,Maple Leaf
343854,Shopsy�s
343845,Lunch Mate
343852,Prime Turkey
343843,Larsen
343850,Natural Selections
343841,Holiday
343848,Mina
344424,Country Pride
344431,Pierce Chicken
344433,Savoro
344429,Moy Park (Europe)
344427,Gold�n Plump
344425,Del Dia (Mexico)
344432,Pilgrim�s
344434,To-Rico�s (Puerto Rico)
344430,O�Kane (Europe)
344428,Just Bare
344426,Gold Kist
344740,Sanderson Farms
345076,Aidells
345094,Landshire
345110,Tyson
345083,Bryan
345085,Fast Fixin'
345101,Reuben
345092,Jimmy Dean
345108,Tastemakers
345081,Bosco's
345099,PB Jamwich
345090,IBP
345106,Steak Eze
345079,Big Az
345097,Open Prairie
345088,Hillshire
345104,Star Ranch
345077,Ball Park
345095,Mexican Original
345111,Wright
345086,Gallo Salame
345102,Russer
345075,AdvancePierre
345093,Lady Aster
345109,Top Chews
345082,Bruss
345084,Chairman's Reserve
345100,Raised & Rooted
345091,Jamwich
345107,Supreme Tender
345080,Bonici
345098,Original Philly
345089,Hot 'n' Ready
345105,State Fair
345078,Barber Foods
345096,Nature Raised
345112,Wunderbar
345087,Golden Island
345103,Sara Lee
343045,LaLa Foods U.S. Frusion
343048,Promised Land
343046,LaLa
343049,Skim Plus
343047,Nordica
344855,Campofrio
344871,Lean Generation Pork
344862,Esskay
344878,Paula Deen
344853,Armour Meats
344869,Krakus
344860,Eckrich
344876,Nathan's
344867,Jamestown
344883,Tobin's
344858,Cumberland Gap
344874,Margherita.jpeg
344865,Gwaltney
344881,Smithfield Foods
344856,Carando
344872,Lunch Maker
344863,Farmer John
344879,Peyton's
344854,Big 8's
344870,Kretschmar
344861,Ember Farms
344877,Patrick Cudahy
344852,Aoste
344868,John Morrell
344859,Curly's
344875,Margherita
344866,Healthy Ones
344882,The Peanut Shop
344857,Cook's
344873,Lykes
344864,Farmland
344880,Rath
342190,Sunny Meadow
342188,Egg-Land's Best
342186,4Grain
342191,Sunups
342189,Land O' Lakes
342187,Cal-Main Foods
343554,Johnsonville Sausage Strips
343555,Johnsonville
345257,Misty
345255,Country Vet
345260,Zep
345258,Original Bike Spirits
345256,Enforcer
345259,TimeMist
341671,Cabot
341672,McCadam
341670,Agri-Mark
342927,Boar's Head
342928,Frank Brunckhorst
341915,Proudly Wisconsin Cheese
341913,AMPI Private Label
341914,Associated Milk Producers
342921,1950 127 Cheese
342922,Foremost Farms
345073,Prairie Fresh Premium Pork
345074,Triumph Foods
345072,Daily's Premium Meats
345190,Chef's Craft
345193,Platinum Harvest
345191,LadyBird
345194,Wayne Farms
345192,Naked Truth
342628,Darigold
344086,Mountaire
343692,Koch Foods
343691,Cravers
343785,Leprino
344482,Belfonte
344489,Old Recipe
344487,Muller Pinehurst
344494,Tiller Foods
344485,Hiland Dairy
344492,Southern Belle
344483,Caves of Faribault
344490,Pevely
344488,North Star
344495,Turner Dairy
344486,LuVel
344493,Swiss Valley
344484,Coleman Dairy
344491,Prairie Farms
342194,Danish Creamery
342192,California Dairies
342193,Challenge Dairy Products
344820,Chuck E Cheese
344827,Schreiber
344825,Pauly
344823,Heluva Good!
344821,Clearfield Deli
344819,American Heritage
344826,Raskas
344824,La Feria
344822,Cooper
344307,Chef
344323,Sant�l
344330,Zymil
344314,Melrose
344305,Carnini
344321,PureJoy
344328,Ucal
344312,La Campi�a
344303,Bonnita
344319,Precious
344310,Frica
344326,Sorrento
344301,Beatrice
344317,Parmalat
344308,Everfresh
344324,Simonsberg
344315,OAK
344306,Centrale del latte di Roma
344322,Puro Blu
344329,Vaalia
344313,Lactantia
344304,Breaka
344320,Proleche
344327,Steri Stumpi
344311,Ice Break
344302,Berna
344318,Pauls
344309,Fibresse
344325,Sole
344300,Astro
344316,Omega3
344417,Perdue
344415,Niman Ranch
344422,Spot Farms
344413,Full Moon
344420,Short Cuts
344411,Draper Valley Farms
344418,Petaluma Poultry
344409,Chicken Plus
344416,Panorama
344423,Yummy
344414,Harvestland
344421,Simply Smart Organics
344412,Fresh Cuts
344419,Prairie Grove Farms
344410,Coleman Natural
344832,St. Joe Pork
344830,Seaboard Energy
344828,Prairie Fresh USA Prime
344831,Seaboard
344829,Prairie Fresh
344092,Certified Hereford Beef
344099,Natural Angus Beef
344090,Black Canyon
344097,National Beef Packing
344095,Iowa Premium Brands Holdings Corp.
344093,Grass-Fed Organic
344091,Certified Angus Beef
344098,National Beef Prime
344096,KCSC Retail
344094,HyPlains Heitage Farms
342606,Plugra
342597,Dairy Maid Dairy
342604,Live Real Farms
342595,Cumberland Dairy
342602,Kemps
342593,Cache Valley
342600,Hotel Bar
342607,Sport Shake
342591,Borden Cheese
342598,Falfurrias
342605,Oakhurst Dairy
342596,Dairy Farmers of America
342603,La Vaquita
342594,Cass-Clay Creamery
342601,Keller's Creamery
342592,Breakstone's Butter
342599,Guida's
344088,Mowi
344089,Supreme Salon
344087,Ducktrap
343983,Shiny Meadow
343981,Mengniu
343979,Deluxe
343986,Yoyi C
343977,Bellamy's
343984,Suan Suan Ru
343982,Mood for Green
343980,Just Yoghurt
343978,Champion
343985,Suibian
343043,Grupo Comercial Chedraui
343041,El Super
343044,Smart & Final
343042,Fiesta
341994,Bath & Body Works
342530,Costco
342531,Kirkland Signature
345013,Universal Thread
345015,Wild Fable
344965,Ava & Viv
344981,Headliner
344997,Photograph
345004,Smith & Hawken
344972,Cat & Jack
344988,Knox Rose
345011,The Collection
344963,Art Class
344979,Good & Gather
344995,Open Story
345002,Shade & Shore
344970,Casa Cantina
344986,JoyLab
345009,SunPop
344961,A New Day
344977,Favorite Day
344993,More than magic
345000,Room Essentials
345018,Xhilaration
344968,Bullseye's Playground
344984,Hyde & EEK! Boutique
345007,Stars Above
344975,Embark
344991,Market Pantry
345014,up & up
345016,Wine Cube
344966,Boots & Barkley
344982,Hearth & Hand with Magnolia
344998,Pillowfort
345005,Sonia Kashuk
344973,Cloud Island
344989,Kona Sol
345012,Threshold
344964,Auden
344980,Goodfellow & Co
344996,Original Use
345003,Smartly
344971,Casaluna
344987,Kindfull
345010,Target
344962,All in Motion
344978,Future Collective
344994,Opalhouse
345001,Ros� Bae
344969,California Roots
344985,Jingle & Mingle
345008,Sun Squad
344976,Everspring
344992,Mondo Llama
345017,Wondershop
344967,Brightroom
344983,Heyday
344999,Project 62
345006,Spritz
344974,Colsie
344990,Made by Design
342676,Dollarama
342118,Wellsley Farms
342116,Berkley Jensen
342117,BJ's
345180,Great Value
345187,Simply Right
345178,Daily Chef
345185,Richelieu Foods
345183,Ol� Roy
345181,Marketside
345188,Walmart
345179,Freshness Guaranteed
345186,Sam�s Club
345177,Bakers & Chefs
345184,Parents Choice
345182,Member�s Mark
342237,Cencosud
342244,Paris
342242,Jumbo
342249,Vea
342240,Easy
342247,Santa Isabel
342238,Costanera Center
342245,Perini
342236,Bretas
342243,Metro
342250,Wong
342241,GBarbosa
342248,The Fresh Market
342239,Disco
342246,Portal Rosario
342675,Family Dollar
342674,Dollar Tree
342663,Bobbie Brooks
342670,EverPet
342668,DG Home
342666,DG baby
342673,true living
342664,Clover Valley
342671,Forever Pals
342669,Dollar General
342667,DG Health
342665,Comfort Bay
342672,Smart and Simple
343837,Kobalt
343838,Lowe's
343255,Shell Fuel & Covenience
343253,Houchens
343251,Crossroads IGA
343254,Price Less
343252,Food Giant
343250,Crossroads Express
343636,Crush
343652,Orangina
343661,Stewart's
343643,Hires
343668,Yoo-hoo
343634,Canada Dry
343650,Nantucket Nectars
343657,Rose's
343659,Snapple
343641,Green Mountain
343666,Vernors
343632,A&W
343648,Mott's
343655,RC Cola
343639,Dr Pepper
343664,Van Houtte
343646,Margaritaville
343637,Deja Blue
343653,Original Donut Shop
343662,Sundrop
343644,IBC
343635,Clamato
343651,Nehi
343660,Squirt
343642,Hawaiian Punch
343667,Welch's
343633,Bai
343649,Mr and Mrs T
343656,ReaLemon
343658,Schweppes
343640,Gini
343665,Venom Energy
343631,7UP
343647,Mistic
343654,Pe�afiel
343638,Diet Rite
343663,Sunkist
343645,Keurig
342340,Coca-Cola
342356,Mello Yello
342347,Fresca
342363,Simply
342338,Carver�s
342354,Inca Cola
342345,Fanta
342361,Red Flash
342352,Hi-C
342336,Blak
342343,Diet Coke
342359,Northern Neck
342350,Georgia
342366,Tab
342334,Aquarius
342341,Coke
342357,Minute Maid
342348,Fruitopia
342364,Sprite
342339,Citra
342355,Manzana Mia
342346,Five Alive
342362,Seagram�s
342337,Bright & Early
342353,illy issimo
342344,Fairlife
342360,Powerade
342351,Glaceau vitamin water
342367,Vault
342335,Barq's
342342,Dasani
342358,Mr. Pibb
342349,Full Throttle
342365,Surge
342333,Abbey Well
344394,Santitas
344346,Chester's
344362,Hostess Potato Chips
344378,Near East
344401,Stacy's
344353,Fiesta
344369,Matador
344385,PepsiCo
344392,Sabritas
344344,Cap'n Crunch
344408,Walkers
344360,Grandma's Cookies
344376,Muncos
344399,Smith's
344351,El Isleno
344367,Lipton (partnership)
344383,Parkers
344342,Aquafina
344406,Tropicana
344358,Gamesa
344374,Mug
344390,Rold Gold
344397,Slice
344349,Dole (license)
344365,Lay's
344381,O'Grady's
344340,7-Up
344404,Tazo
344356,Funyuns
344372,Mother's (Cereal)
344388,Quisp
344395,Seattle's Best Coffee
344347,Cracker Jack
344363,Kas Mas
344379,No Fear
344402,Storm
344354,Frappuccino
344370,Mirinda
344386,Propel
344393,Sabritones
344345,Chee-tos
344361,Hickory Sticks
344377,Naked Juice
344400,SoBe
344352,Ethos
344368,Manzanita
344384,Pasta Roni
344343,Baken-Ets
344407,True North
344359,Gatorade
344375,Munchies
344391,Ruffles
344398,Smartfood
344350,Doritos
344366,Life
344382,Ocean Spray  (licensed)
344341,Amp
344405,Tostitos
344357,G2
344373,Mountain Dew
344389,Rice-A-Roni
344396,Sierra Mist
344348,Diet Pepsi
344364,King Vitaman
344380,Nobby Nuts
344403,SunChips
344355,Fritos
344371,Miss Vickie's
344387,Quaker
344285,Oatly AB
344102,Faygo
344100,Clear Fruit
344107,Rip It
344105,National Beverage
344103,LaCroix
344101,Everfresh
344106,NiCola
344104,Mr. Pure
342235,Celsius
344616,Red Bull
344506,Direct Plus
344522,Piller's
344497,Audrey's
344513,Harvest
344529,SK Food Group
344504,Dakota Brand
344520,Ocean Miracle
344511,Grimm's
344527,Shahir
344502,Centennial Foodservice
344518,Maximum Seafood
344509,Freybe
344525,Quality Fast Foods
344500,Bread Garden Go
344516,Hygaard
344532,Wescadia
344507,Duso's
344523,Premier Meats
344498,B&C Food Distributors
344514,Hempler's
344530,Skylark Meats
344505,Deli Chef
344521,OvenPride
344496,American Foods Group
344512,Harlan Fairbanks
344528,Sheboygan Sausage
344503,Creekside Bakehouse
344519,McSweeney's
344510,Great American
344526,Rock River Cattle Company
344501,C&C Packing
344517,Isernio's
344508,Expresco
344524,Premium Brands
344499,Big City Reds
344515,Hub City Fisheries
344531,Stuyver's Bakestudio
342290,Chef One
342297,Minh
342288,Bibigo
342304,Villa Prima
342295,Larry�s
342302,Tony's
342293,Fight'n Tomato Pizza Co.
342300,Red Baron
342291,CJ Cheiljedang
342286,Annie Chun's
342298,Mrs. Smith's
342289,Big Daddy's
342296,MaMa Rosa's
342287,Becon Street Cafe
342303,Twin Marquis
342294,Freschetta
342301,Schwan's
342292,Edwards
342299,Pagoda
343938,French's
343945,McCormick Gourmet
343936,FONA
343943,Lawry's
343934,Cholula
343950,Thai Kitchen
343941,Gourmet
343932,Brand Aromatics
343948,Simply Asia
343939,Giotti
343930,Aeroplane
343946,McCormick
343937,Frank's RedHot
343944,McCormick For Chefs
343935,El Guapo
343951,Zatarain's
343942,Grill Mates
343933,Cattlemen's BBQ Sauce
343949,Stubb's
343940,Gourmet Garden
343931,Billy Bee
343947,Old Bay
342997,V.Pearl
342949,Cookie Crisp
342965,Hamburger Helper
342981,Nature Valley
342933,Betty Crocker
342940,Blue Freedom
343004,YOP
342956,Frescarini
342972,La Salte�a
342988,Reese's Puffs
342995,Trix
342947,Clusters
342963,Gold Medal
342979,Mountain High
342931,Annie's
342938,Blue Basics�
343002,Wilderness
342954,Fiber One
342970,Kix 2
342986,Progresso
342993,Total
342945,Chex
342961,General Mills
342977,Macaroni Grill
342936,Bisquick
343000,Wheaties
342952,Diablitos Underwood
342968,Jeno's
342984,Old El Paso
342943,Cheerios
342959,Fruit Roll-Ups
342975,Lucky Charms
342991,Toaster Strudel
342998,Wanchai Ferry
342950,Corn Chex
342966,H�agen-Dazs
342982,Nudges
342934,Big G cereals
342941,Bugles
343005,Yoplait
342957,Fruit By The Foot
342973,Latina Fresh 2
342989,Rice Chex
342996,True Chews
342948,Cocoa Puffs
342964,Golden Grahams
342980,Muir Glen
342932,Basic 4
342939,Blue Buffalo
343003,Yo-Plus
342955,Food Should Taste Good
342971,Knack & Back
342987,Raisen Nut Bran
342994,Totino's
342946,Cinnamon Toast Crunch
342962,Go-Gurt
342978,Monsters
342937,Blue Basics
343001,Whips!
342953,EPIC
342969,Jus-Rol
342985,Pillsbury
342944,Chex Mix
342960,Gardetto's
342976,L�rabar
342992,Top Chews Naturals
342999,Wheat Chex
342951,Delights
342967,Immaculate Baking
342983,Oatmeal Crisp
342935,Big T Burgers
342942,Cascadian Farm
342958,Fruit Gushers
342974,Libert�
342990,Toaster Scrambles
343093,Rice Dream
343077,Earth's Best
343084,Hain Celestial
343100,SunSpire
343091,Linda McCartney
343075,Danival
343082,Garden of Eatin'
343098,Spectrum
343089,Johnson's Juice Co.
343105,Yves Veggie Cuisine
343073,Celestial Seasonings
343080,Frank Cooper's
343096,Soy Dream
343087,Imagine
343103,The New Covent Garden Soup Co.
343071,Arrowhead Mills
343078,Ella's Kitchen
343094,Robertson's
343085,Hartley's
343101,Terra
343092,MaraNatha
343076,DeBoles
343083,GG UniqueFiber
343099,Sun-Pat
343090,Lima
343074,Cully & Sully
343081,Gale's
343097,Spectrum Essentials
343088,Jason
343104,WestSoy
343072,BluePrint
343079,Farmhouse Fare
343095,Sensible Portions
343086,Health Valley
343102,The Greek Gods
343070,Almond Dream
343362,Dickinson's
343380,Natural Brew
343369,Jif
343387,Smucker's
343360,Cafe Bustelo
343378,Milestone
343367,Hungry Jack
343385,Rachael Ray Nutrish
343358,9 Lives
343376,Mary Ellen
343365,Eagle Brand
343383,Pup-Peroni
343372,Knott's Berry Farm
343374,Magnolia
343363,Dunkin
343381,Nature's Peak
343370,Kava
343388,Uncrustables
343361,Crosse & Blackwell
343379,Milk-Bone
343368,J. M. Smucker
343386,Santa Cruz Organic
343359,Adams
343377,Meow Mix
343366,Folgers
343384,R.W. Knudsen Family
343373,Laura Scudder's
343375,Martha White
343364,Dutch Girl
343382,Nature's Recipe
343371,Kibbles 'n Bits
343389,White Lily
344248,Frozen Udon & Ramen
344255,U.F.O.
344246,Crisp Choco
344253,Nissin
344244,Ciscorn
344251,Myojo
344249,Granola
344247,Cup Noodles
344254,Ramen
344245,Collaboration Series
344252,Nissin Frozen Pasta
344243,Chu Qian Yi Ding
344250,Karamcuho
343794,Russell Stover
343792,Pangburn's of Texas
343790,Lindt
343788,Excellence
343795,Whitman's
343793,Pangburn's
343791,Millionaire$
343789,Ghirardelli
343145,Mauna Loa
343161,Rally
343113,Amazin' Fruit Super Fruit
343179,Twizzlers
343129,Glosette
343152,Oatmega
343168,Sour Dudes
343120,Cadbury
343186,Young & Smylie
343136,Hershey's
343143,Lowney
343159,Pot of Gold
343111,Almond Joy
343177,Top Scotch
343127,Dot's Homestyle Pretzels
343150,Nibs
343166,SnackBarz
343118,Brown Cow
343184,Wunderbeans
343134,Heide
343141,Krackel
343157,PayDay
343173,Sweet Escapes
343175,Take 5
343125,Co Cherry Blossom
343148,Mr. Freeze
343164,Skinny Pop
343116,Bridge Mixture
343182,Whoppers
343132,Goodies
343139,Jolly Rancher
343155,Ovation
343171,Strawberry Cow
343123,Chipits Chocolate Chips
343146,Milk Duds
343162,Reese's
343114,barkTHINS
343180,Tyrells
343130,Good & Fruity
343153,Oh Henry!
343169,Special Crisp
343121,Candies
343187,Zagnut
343137,Hugs
343144,Luden's
343160,Rain-Blo
343112,Amazin' Fruit Candies
343178,Twizzelators
343128,Eat-More
343151,NutRageous
343167,Snacksters
343119,Bubble Yum
343185,York
343135,Hershey Kisses
343142,Lily's
343158,Pirate's Booty
343110,5th Avenue
343174,Symphony
343176,TasteTations
343126,Dagoba Organic Chocolate
343149,Mr.Goodbar
343165,Skor
343117,Brookside
343183,Whozeewhatzit
343133,Heath
343140,KitKat
343156,Paqui
343172,Super Bubble
343124,Chuckles
343147,Mounds
343163,Rolo
343115,Breath Savers
343181,Whatchamacallit
343131,Good & Plenty
343154,One Bar
343170,Special Dark
343122,Caramello
343188,Zero
343138,Ice Breakers
342618,International Delight
342609,Alpro
342625,Wallaby Organic
342616,Evian
342623,Two Good
342614,Danone
342621,Silk
342612,Danino
342619,Light & Fit
342610,DanActive
342626,YoCream
342617,Horizon Organic
342608,Activia
342624,Vega
342615,Earthbound Farm
342622,So Delicious
342613,Dannon
342620,Oikos
342611,Danimals
342627,YoCrunch
344178,", S.A. Honest to Dog"
344130,", S.A. Blue Bottle"
344194,", S.A. Lion (cereal)"
344146,", S.A. Chef-Mate"
344212,", S.A. Nido"
344162,", S.A. Dreyer's Scooping Since 1928"
344228,", S.A. S.Pellegrino"
344235,", S.A. Toll House"
344121,", S.A. Aquarel"
344185,", S.A. Juicy Juice"
344137,", S.A. California Pizza Kitchen"
344203,", S.A. Natural Bliss"
344153,", S.A. Dar Natury"
344219,", S.A. Perugina"
344169,", S.A. Fancy Feast"
344242,", S.A. Yorkie"
344128,", S.A. Beneful"
344192,", S.A. Levissima"
344144,", S.A. Chamyto"
344210,", S.A. Nestea"
344160,", S.A. Di Giorno"
344226,", S.A. Real Dairy"
344176,", S.A. Gourmet"
344183,", S.A. Jack's"
344135,", S.A. Buxton"
344199,", S.A. Minor's"
344201,", S.A. Mucilon"
344151,", S.A. Coffee Mate"
344217,", S.A. Peptamen"
344167,", S.A. EveryDay"
344233,", S.A. Thomy"
344119,", S.A. Alpo"
344240,", S.A. Waggin' Train"
344126,", S.A. Bella"
344190,", S.A. Lean Cuisine"
344142,", S.A. Cerevita"
344208,", S.A. Nespresso"
344158,", S.A. Delissio"
344224,", S.A. Purina"
344174,", S.A. Gerber"
344181,", S.A. Ice Mountain"
344133,", S.A. Buitoni"
344197,", S.A. Mighty Dog"
344149,", S.A. Cini Minis"
344215,", S.A. Outshine"
344165,", S.A. Edy's Scooping Since 1928"
344231,", S.A. Sweet Earth Foods"
344117,", S.A. Acqua Panna"
344238,", S.A. Trio"
344124,", S.A. Baeren Marke"
344188,", S.A. La Laiti�re"
344140,", S.A. Cat Chow"
344206,", S.A. Nescaf�"
344156,", S.A. Deer Park"
344222,", S.A. Pro Plan"
344172,", S.A. Friskies"
344179,", S.A. Hot Pockets"
344131,", S.A. Boost"
344195,", S.A. Maggi"
344147,", S.A. Chef"
344213,", S.A. Optifast"
344163,", S.A. Drumstick"
344229,", S.A. Skinny Cow Brand"
344236,", S.A. Tombstone"
344122,", S.A. Arrowhead"
344186,", S.A. Just Right (dog food)"
344138,", S.A. Calistoga"
344204,", S.A. NaturNes"
344154,", S.A. Davifrais"
344220,", S.A. Pioneer Woman"
344170,", S.A. Felix"
344129,", S.A. Beyond"
344193,", S.A. Libby's (pumpkin)"
344145,", S.A. Cheerios (Europe-license)"
344211,", S.A. Nestle"
344161,", S.A. Dog Chow"
344227,", S.A. Resource"
344177,", S.A. Herta"
344120,", S.A. Antica Gelateria del Corso"
344184,", S.A. Jenny Craig"
344136,", S.A. Cailler"
344202,", S.A. M�venpick"
344152,", S.A. Contrex"
344218,", S.A. Perrier"
344168,", S.A. Extr�me"
344234,", S.A. Tidy Cats"
344241,", S.A. Wildscape"
344127,", S.A. Belt�"
344191,", S.A. Lean Pockets"
344143,", S.A. Chameleon Cold Brew"
344209,", S.A. Nesquik"
344159,", S.A. DentaLife"
344225,", S.A. Quality Street"
344175,", S.A. Good Start"
344182,", S.A. Impact"
344134,", S.A. Busy"
344198,", S.A. Milo"
344200,", S.A. Moist & Meaty"
344150,", S.A. Clinutren"
344216,", S.A. Outsiders Pizza"
344166,", S.A. Estrelitas"
344232,", S.A. Taster's Choice"
344118,", S.A. Aero"
344239,", S.A. Vittel"
344125,", S.A. Beggin Strips"
344189,", S.A. La Lechera"
344141,", S.A. Cerelac"
344207,", S.A. Nescau"
344157,", S.A. Deli Cat"
344223,", S.A. Pure Life"
344173,", S.A. Frosty Paws"
344180,", S.A. H�agen-Dazs"
344132,", S.A. Breeze"
344196,", S.A. Maxibon"
344148,", S.A. Chocapic"
344214,", S.A. Orion"
344164,", S.A. Ecco"
344230,", S.A. Stouffer's"
344237,", S.A. Trekkers"
344123,", S.A. Baci"
344187,", S.A. La Cremeria"
344139,", S.A. Carnation"
344205,", S.A. Nero"
344155,", S.A. Davigel"
344221,", S.A. Poland Spring"
344171,", S.A. Fitness"
343706,Complan
343722,Kool-Aid
343738,President
343745,Tassimo
343697,Back to Nature Meals
343713,Galbani
343729,Miracle Whip
343704,Classico
343720,Jet-Puffed
343736,Planters
343743,Stove Top
343695,Astro
343711,Crystal Light
343727,Master
343750,Wyler's
343702,Breakstones
343718,Jack Daniel's Sauces
343734,Oscar Mayer
343693,A.1.
343709,Country Time
343725,Lea & Perrins
343741,Shake N Bake
343748,Wattie's
343700,Beatrice
343716,Grey Poupon
343732,Nancy's
343707,Cool Whip
343723,Kraft
343739,Quero
343746,TGI Fridays
343698,Bagel Bites
343714,Gevalia
343730,Mr. Yoshida's
343705,Claussen
343721,Knudsen
343737,Plasmon
343744,Sure-Jell
343696,Athenos
343712,Delimex
343728,Mio
343703,CapriSun
343719,Jell-O
343735,Philadelphia
343742,Smart Ones
343694,ABC
343710,Cracker Barrel
343726,Lunchables
343749,Weight Watchers
343701,Black Diamond
343717,Heinz
343733,Ore-Ida
343708,Corn Nuts
343724,Lactalis
343740,Rondele
343747,Velveeta
343699,Bakers Chocolate
343715,Golden Circle
343731,My Heinz
342634,Joyba
342632,Contadina
342635,S&W
342633,Del Monte
342631,College Inn
344052,Belvita
344068,Mondelez
344059,Club Social
344075,Stride
344066,LU
344082,Wheat Thins
344057,Chips AHOY
344073,Ritz
344064,Kenco
344080,Triscuit
344055,Carte Noir
344071,Oreo
344062,Honey Maid
344078,Toblerone
344053,Cadbury Dairy Milk
344069,Nabisco
344060,C�te D'or
344076,Tang
344051,Barni
344067,Milka
344058,Clif Bar
344074,Sour Patch Kids
344065,Lacta
344081,TUC
344056,Chiclets
344072,Perfect Snacks
344063,Jacobs
344079,Trident
344054,Cadbury
344070,Newtons
344061,Halls
344077,Tate's Bake Shop
341955,Old London
341971,Victoria Fine Foods
341921,Ac'cent
341937,Dec A Cake
341946,Joan of Arc (beans)
341962,Snackwell's
341928,Brer Rabbit
341953,Molly McButter
341969,Underwood
341935,Crock-Pot Seasoning
341944,Grandma Molasses
341960,Skinny Girl (food)
341926,Baker's Joy
341951,Maple Grove Farms
341967,Trappey's
341933,Cream of Wheat
341940,Durkee
341942,Emeril's
341958,Regina
341924,B&M
341949,MacDonald's
341965,Sugar Twin
341931,Cary's
341956,Ortega
341972,Weber
341922,B&G Condiments
341938,Devonsheer
341947,Las Palmas
341963,Spice Islands
341929,Buena Vida
341954,New York Style
341970,Vermont Maid
341936,Dash
341945,Henri's
341961,Smart Puffs
341927,Bear Creek Country Kitchens
341952,McCann's Imported Irish Oatmeal
341968,TrueNorth
341934,Crisco
341943,Farmwise
341959,Sclafani
341925,Back to Nature
341950,Mama Mary's
341966,Tone's
341932,Clabber Girl
341941,Einstein Bros. Bagels
341957,Polaner
341973,Wright's
341923,B&G Foods
341939,Don Pepino
341948,Le Sueur
341964,Spring Tree
341930,Canoleo
342872,Lik-M-Aid Fun Dip
342890,Red Hots
342840,Bomb Pop
342856,Fulfil
342879,Now and Later The Long Lasting Chew
342897,Thorntons
342847,Crunch
342863,Halo Top Creamery
342870,Laffy Taffy Candy
342888,Rain Blo
342838,Blue Ribbon Classics
342854,Ferrero
342877,Nerds Candy
342895,Stretch Island
342845,Chuckles Jelly Candy
342861,Golden Gallery
342868,Kinder
342886,Pocket Coffee
342836,Black Forest Real Juicy & Real Good
342852,Famous Amos
342875,Mother's (cookies)
342893,Sathers
342843,Brioss
342859,Girl Scouts Do-si-dos
342882,Original Boston Baked Beans
342884,Original Spree
342834,Atomic FireBall
342900,Tronky
342850,Estath�
342866,Jujyfruits
342873,Little Brownie Bakers
342891,Rocher
342841,Bottle Caps the Soda Pop Candy
342857,Funables
342880,Nutella
342898,Tic Tac
342848,Duplo
342864,Hanuta
342871,Lemonhead
342889,Raisinets
342839,Bobs
342855,Fiesta
342878,Nips
342896,SweeTarts
342846,Chunky
342862,Goobers
342869,K�sschen
342887,Raffaello
342837,Blue Bunny
342853,Fannie May 2
342876,Murray
342894,Snocaps
342844,Butterfinger
342860,Girl Scouts Samoas
342867,Keebler
342885,Pixy Stix
342835,Baby Ruth
342901,Yogurette
342851,Everlasting Gobstopper Candy
342874,Mon Ch�ri
342892,Runts Candy
342842,Brach's
342858,Giotto
342881,Oh Henry
342883,Original Flavor Super Bubble Bubble Gum
342833,100 Grand
342899,Trolli
342849,Eat Natural
342865,Jaw Busters Candy
342105,Freihofer's
342112,Sara Lee Snacks
342096,Arnold
342103,Eureka
342110,Oroweat
342101,Brownberry
342108,Mrs. Baird's
342115,Tia Rosa
342099,Bimbo
342106,J.J. Nissen
342113,Stroehmann
342097,Ball Park (buns)
342104,Francisco
342111,Sara Lee (breads)
342102,Entenmann's
342109,Nature's Harvest
342100,Boboli
342107,Marinela
342114,Thomas'
342098,Beefsteak
343588,Frosten Mini Wheats
343575,Carr's
343604,Mueslix
343620,Town House
343595,Kellogg's Corn Flakes
343582,Crispix
343611,Raisin Bran Crunch
343586,Froot Loops
343573,Austin
343602,Mini-Swirlz
343618,Special K
343593,Kashi
343580,Corn Pops
343609,Pops
343625,Zesta
343584,Eggo
343571,All-Bran
343600,Krispy
343616,Smart Start
343591,Honey Smacks
343578,Club Crackers
343607,Parati
343623,Wheatables
343598,Kellogg's
343614,Right Bites
343589,Gardenburger
343576,Cheez-It
343605,Natural Touch
343621,Twistables
343596,Kellogg's Frosted Flakes
343583,Crunchmania
343612,Rice Krispies Treats
343587,Frosted Krispies
343574,Bear Naked
343603,Morning Star Farms
343619,Toasteds
343594,Kellog
343581,Cracklin' Oat Bran
343610,Pringles
343585,Fiber Plus
343572,Apple Jacks
343601,Loma Linda
343617,Special K Red Berries
343592,Just Right (cereal)
343579,Cocoa Krispies
343608,Pop Tarts
343624,Yogos
343599,Krave
343615,RXBAR
343590,Go-Tarts
343577,Cinnamon Crunch Crispix
343606,Nutri-Grain
343622,Vector
343597,Kellogg's Raisin Bran
343613,Rice Krispies
344742,Armstrong
344760,Milk2Go
344749,DuVillage 1860
344767,Stella
344758,Lion (cheese)
344747,Danscorella
344765,Salemville
344756,Kingsey
344745,Dairyland
344763,Organic Creamery
344752,Frigo
344754,Joan of Arc (cheese)
344770,Woolwich
344743,Baxter
344761,Neilson
344750,Friendship
344768,Treasure Cave
344741,Alexis de Portneuf
344759,Lorraine
344748,Dragone
344766,Saputo
344757,La Paulina
344746,DairyStar
344764,Ricrem
344753,Great Midwest
344755,King's Choice
344744,Black Creek
344762,Nutrilait
344751,Frigo Cheesheads
344769,Vachon
342130,GLOBUS
342128,Bonduelle
342131,Ready Pac Foods
342129,Cassegrain
342127,Bonduelle Vapeur
342404,Conagra
342468,Swiss Miss
342420,Fleischmann's
342436,La Choy
342388,Alexia
342452,Penrose
342411,Duke's
342475,Van De Kamp's
342427,Hawaiian Snacks
342443,Mrs. Butterworth's
342395,Bigs
342459,RusEttes
342466,Stealth Fries
342418,Evol
342434,Kangaroo
342450,PAM
342402,Celeste
342409,David Seeds
342473,Udis
342425,Gulden's
342441,Manwich
342393,Bernstein's
342457,Rosarita
342464,Snack Pack
342416,Egg Beaters
342480,Wolf Brand Chili
342432,Husman's
342448,Orville Redenbacher's
342400,Brooks
342407,CrispyCoat Fries
342471,Tavern Traditions
342423,Glutino
342439,Libbys
342391,Armour
342455,Ranch Style
342462,Slim Jim
342414,Duncan Hines
342478,Wicked Kitchen
342430,Hungry-Man
342446,Odom's Tennessee Pride
342398,Blake's
342405,Crispura
342469,Tantalizers
342421,Frontera
342437,Lamb Weston
342389,Andy Capp's
342453,Peter Pan
342412,Duncan Hines Comstock
342476,Vlasic
342428,Healthy Choice
342444,Mrs. Paul's
342396,Birds Eye Voila
342460,Sandwich Bros
342467,Sweet Things
342419,Fiddle Faddle
342435,Kid Cuisine
342387,Act II
342451,Parkay
342403,Chef Boyardee
342410,Dennison's
342474,Van Camp's
342426,H.K. Anderson
342442,Marie Callenders
342394,Bertolli
342458,Rotel
342465,Snyder of Berlin
342417,Erin's
342433,Jiffy Pop
342449,P.F. Chang's
342401,C&W
342408,Crunch 'n Munch
342472,Tim's Cascade Snacks
342424,Grown In Idaho
342440,Log Cabin
342392,Banquet
342456,Reddi Wip
342463,Smart Balance
342415,Earth Balance
342479,Wish-Bone
342431,Hunt's
342447,Open Pit
342399,Blue Bonnet
342406,Crispy on Delivery
342470,Tater Boy
342422,Gardein
342438,Lamb's Supreme
342390,Angies BoomChickaPop
342454,Poppycock
342413,Duncan Hines Wilderness
342477,Watts Brothers Farms
342429,Hebrew National
342445,Nally
342397,Birds Eye
342461,Seeing Possibilities In Potoatoes
342907,Canyon Bakehouse
342914,Merita
342905,Bunny Bread
342912,Flowers Foods
342903,Alpine Valley Bakery
342919,Tastykake
342910,European Bakers
342917,Nature's Own
342908,Captain John Derst's
342915,Mi Casa
342906,Butternut
342913,Home Pride
342904,Bluebird
342920,Wonder
342911,Evangeline Maid
342918,Sunbeam
342909,Dave's Killer Bread
342916,Mrs. Freshley's
344924,Sunrise Growers
344922,SOWN
344923,SunOpta Fueling the Future of Food
342207,Late July Snacks
342198,Eat Smart Snacks
342214,Pop Secret
342205,Krunchers
342221,V8
342196,Cape Cod
342212,Pepperidge Farm
342203,Jays
342219,Spaghettios
342210,Pace
342201,Goldfish
342217,Snack Factory Pretzel Crisps
342208,Milano
342199,Emerald
342215,Prego
342206,Lance
342222,Well Yes
342197,Chunky
342213,Plum Organics
342204,Kettle Brand
342220,Swanson
342195,Campbell's
342211,Pacific Foods
342202,Healthy Request
342218,Snyder's of Hanover
342209,O-Ke-Doke
342200,Franco-American
342216,Royco
345150,Good Health
345148,Boulder Canyon
345155,Zapp's
345153,Tortiyahs!
345151,Hawaiian Brand
345149,Golden Flake
345154,Utz
345152,On the Border
342782,Taureau Ail�
342734,Abu Bint Rice
342750,Gourmet House
342766,Puroma
342773,River
342741,Brillante
342757,Lustucru
342780,SOS
342748,Ferrero
342764,Peacock
342771,Ris-Fix
342787,Zakia Halal
342739,Boss
342755,La Fallera
342778,Santa Rita
342746,Comet Rice
342762,Olivieri
342769,Rice Select
342785,Water Maid
342737,Bertagni
342753,Kohinoor
342776,Salud�es
342744,Cigala
342760,Minute
342767,Regia
342783,Tilda
342735,Adolphus
342751,Herba
342774,Rocio
342742,Carolina Rice
342758,Mahatma
342781,Success
342749,Garo Falo
342765,Pear Blossom
342772,Risella
342740,Bosto
342756,Lassie
342779,Sello Rojo
342747,Ebro Foods
342763,Oryza
342770,Riceland
342786,wonder
342738,Blue Ribbon Rice
342754,La Cigala
342777,Santa Lucia
342745,Colusa Rose
342761,Miura
342768,Reis-fit
342784,Ultimate
342736,Arotz
342752,In Harvest
342775,Russo
342743,Casi
342759,Minute Rice
345042,Ann's House of Nuts
345058,Roddenberry
345049,Habitant
345056,Peter Piper
345047,Farman's
345063,TreeHouse
345054,Nature's Goodness
345045,Caza Trail
345061,Schwartz
345052,McCann's
345043,Bennett's
345059,San Antonio Farms
345050,Hoffman House
345041,Amport
345057,Rod's
345048,Grove Square
345055,Olde Cape Cod
345046,Cremora
345062,Steinfeld's
345053,Mocha Mix
345044,Cains
345060,Saucemaker
345051,Knox
344476,Simply Potatoes
344444,Crystal Farms
344460,Mom's Best
344451,Grape-Nuts
344467,Pineland Farms
344474,Ready Brek
344442,Coco Wheats
344458,Joint Juice
344481,Westfield Farms
344449,Dyno-Bites
344465,Papetti's
344438,Barbara's
344440,Better'n Eggs
344456,Hostess Honey Bun
344472,Premier Protein
344479,Weetabix
344447,Diner's Choice
344463,Oreo O's
344436,Alpen
344454,Honeycomb
344470,Post Shredded Wheat
344477,Supreme Protein
344445,David's Deli
344461,Oatibix
344452,Great Grains
344468,Post Holdings
344475,"Shreddies Post Holdings, Inc."
344443,Country Creek Farm
344459,Malt-O-Meal
344450,Golden Crisp
344466,Pebbles
344473,Puffins
344439,Better Oats
344441,Bob Evans
344457,ISO.100
344480,Weetos
344448,Dymatize
344464,Owens
344437,Alpha-Bits
344455,Hostess Donettes
344471,PowerBar
344478,Weetabix On The Go
344446,Davidson's Safest Choice
344462,Oh's
344435,Abbotsford Farms
344453,Honey Bunches of Oats
344469,Post Raisin Bran
343927,McCain
343925,Brew City
343928,Potato Inspirations
343926,Ellios
343929,Wong Wing
341897,Karo
341895,Associated British Foods
341898,Mazola
341896,Fleischmann's
341894,Argo
341899,Twinings
341904,Beehive Bread & Pastry Co.
341911,Pip Pop
341902,Abuela's Autentico
341909,Farm Bread
341900,40 Knots Seafood
341907,Di Lusso
341905,BirchBerry Bistro
341912,Vintage Creamery
341903,Associated Food Stores
341910,Fresh Farms
341901,A Pinch or a Pound
341908,Ease
341906,Buckley Farms
344085,Tofurky
344083,Mori-Nu
344084,Morinaga Nutritional Foods
344906,Sovos Brands
344904,Noosa Yoghurt
344905,Rao's Homemade
344903,Michael Angelo's
344921,SugarCreek Brandworthy Food Solutions Since 1966
344920,Sugar Creek Packing
343501,Squirrel Brand
343499,Orchard Valley Harvest
343497,Fisher
343500,Southern Style
343498,John B. Sanfilippo & Son
341763,Saori
341715,Activa
341731,Amino Vital
341747,Kemal K�krer
341770,Tasty Boy
341722,Aji-no-mix
341738,DeliDawa
341754,Oyakata
341761,RosDee
341729,Ajinomoto
341745,Hondashi
341768,Soup & Go
341720,Aji-Ngon
341736,Butcher Boy
341752,Mayumi
341759,PureSelect
341775,YumYu
341727,Aji-Saz�n
341743,Hapima
341766,Saz�n
341718,Aji-Mayo
341734,Blendy
341750,MaDish
341757,Pork Savor
341773,Tumix
341725,Aji-quick
341741,Ginisa
341764,Sarsaya
341716,Aji-Aroma
341732,Birdy
341748,Kumi Aji
341771,The Original Chili Bowl
341723,Aji-no-moto Plus
341739,Do�a Gusta
341755,Pal Sweet
341762,Sajiku
341714,A&M
341730,AjiPro-L
341746,Jos� Ol�
341769,Tai Pei
341721,Aji-no-men
341737,Crispy Fry
341753,Mochu
341760,Revel Eat
341728,Ajimate
341744,Hi-me
341767,Seri-Aji
341719,Aji-Mix
341735,Bot Canh
341751,Masako
341758,Posada
341774,Vono
341726,Aji-sal
341742,Golden Tiger
341765,Satis!
341717,Aji-Jelly
341733,Bizim Mutfak
341749,LingLing
341756,Ph� S?
341772,TTX
341724,Aji-no-sillao
341740,Fred's
345201,Blue Bunny
345204,Wells Enterprises
345202,Bomb Pops
345200,2nd Street Creamery
345205,Yoplait
345203,Weight Watchers
343833,Peijnenburg
343831,Lotus Bakeries
343829,Dinosaurus
343836,Trek
343827,Bear
343834,Peter's Yard
343832,Nakd
343830,Kiddylicious
343828,Biscoff
343835,Snelle Jelle
343826,Annas
343245,Hostess
343243,Donettes
343241,CupCakes
343248,Twinkies
343246,SnoBalls
343244,Ho Hos
343242,Ding Dongs
343249,Zingers
343240,Chocodiles
343247,Suzy Qs
343346,Funnel Cake Factory
343353,Readi-Bake
343344,Country Home
343351,Mary B's
343342,Brauhaus
343349,J&J Snack Foods
343356,Tio Pepe's
343340,Auntie Anne's
343347,Hill & Valley
343354,Slush Puppie
343345,Daddy Ray's
343352,Philly Swirl
343343,California Churros
343350,Luigi's
343357,Whole Fruit
343341,Bavarian Bakery
343348,Icee
343355,Superpretzel
344622,Reser's Foodservice
344620,Reser's Baja Caf�
344618,Fresh Creative Foods
344623,Sidari's
344621,Reser's Fine Foods
344619,Main St. Bistro
344617,Don Pancho Authentic Mexican Foods
344624,Stonemill Kitchens
344838,Seneca
344836,Libby's
344834,Aunt Nellie's Farm Kitchen
344839,Stokely's
344837,Read
344835,Festal
342132,Borden
343780,Sister Schubert's Bantam Bagels
343778,Catham Village
343779,Lancaster Colony
343777,Cardini's
343954,Little Debbie
343952,Fieldstone Bakery
343955,McKee Foods
343953,Heartland
343956,Sunbelt
344771,Sargento
342251,Chobani
342831,Clover Leaf Seafoods
342832,FCF Co LTD
342830,Bumble Bee Foods
343256,House Foods
343995,Mizkan
343993,Betolli
343991,Angostura
343996,Nakano
343994,Holland House
343992,Barengo Vineyards
343997,Rag�
344299,Ottogi
345065,Prelate
345070,Tulip
345068,Rubinstein's
345066,Royal Pink
345064,Faust
345071,Whitney's
345069,Trident Seafoods
345067,Royal Red
343267,Hood
343258,Baileys Coffee Creamers
343274,Southern Comfort EggNog
343265,Hagan
343272,Rosenberger's
343263,Crowley
343270,Penn Maid
343261,Brigham's Ice Cream
343268,Lactaid
343259,Blue Diamond Almond Breeze
343266,Hershey Milk & Milkshakes
343257,Axelrod
343273,Simply Smart
343264,Fiber One Cottage Cheese
343271,Planet Oat
343262,Calorie Countdown
343269,Maggio
343260,Booth Bros.
343189,Hilmar Cheese Private Label
342141,Seven Farms
342139,Bozzuto's
342140,Hy-Top
343031,American Accent
343034,Thoughtful Organics
343032,Great Lakes
343030,Adams Reserve
343033,Rico Mia
345025,Crav�n Flavor
345032,Pure Harmony
345023,CharKing
345039,Wide Awake Coffee Co
345030,Over the Top
345037,TopCare
345021,Bloom'n Co.
345028,Food Club
345035,That�s Smart!
345026,Culinary Tours
345033,Simply Done
345024,Cornershop Cuts Delicatessen
345031,Paws Happy Life
345038,Topco
345022,Cape Covelle Seafood Market
345029,Full Circle Market
345036,Tippy Toes Inc
345020,Basket & Bushel
345027,Flock�s Finest
345034,Sweet P�s Bake Shop
344662,Cottage Bakery
344669,SeaPak
344660,Casa Di Bertacchi
344667,Rich Products
344658,Byron's BBQ
344665,Jon Donaire
344663,f'real
344661,Coffee Rich
344668,Rich Whip
344659,Carvel
344666,Our Specialty
344664,Farm Rich
345211,Landmark Vineyards
345209,JNSQ Wines
345207,Fiji Water
345212,Pom Wonderful LLC
345210,Justin Vineyards
345208,Halos
345213,Wonderful
343020,Golden State Foods
343039,Tortiricas
343037,Maseca
343040,Tosty
343038,Mission
343036,Gruma
343412,Tater Pals
343396,Freezerfrige
343403,RoastWorks
343410,Skincredibles
343394,Conquest
343401,Megacrunch
343408,Simple Goodness
343392,Classic Fries
343399,Infinity Fries
343406,Select Recipe
343390,Bent Arm Ale
343413,Thunder Crunch
343397,Good Grains
343404,SeasonedCRISP Delivery
343411,Sweets Fries
343395,Farmhouse Originals
343402,Old Fashioned Way
343409,Simply Gold
343393,Conquest Delivery
343400,J. R. Simplot
343407,Sidewinders Fries
343391,Blue Ribbon Fries
343414,Traditional Potatoes
343398,Harvest Fresh Avocados
343405,SeasonedCRISP Fries
345231,Pizza Hut
345229,Lavazza
345227,Huang Ji Huang
345232,Taco Bell
345230,Little Sheep
345228,KFC
345233,Yum! Brands
343311,Fruitamin
343327,Pop Mie
343318,Indomie
343334,Sun
343309,Club
343325,Milkuat
343316,Indofood Icecream
343332,Sambal
343307,Chitato Lite
343323,Maxicorn
343314,Gowell
343330,Sakura
343305,Cap Enak
343321,K
343312,Good to Go
343328,Promina
343303,Bumbu Racik
343319,Indomilk
343335,Supermi
343310,Freiss
343326,Orchid Butter
343317,Indofood
343333,Sarimi
343308,Chitato
343324,Mie Telur Cap 3 Ayam
343315,Ichi Ocha
343331,Sambal Rumahan
343306,Chiki
343322,Kecap Manis
343313,Govit
343329,Qtela
343304,Bumbu Spesial
343320,Jetz
343336,Tiga Sapi
343630,Kerry
343628,Golden Dipt
343626,Big Train
343629,Island Oasis
343627,DaVinci Gourmet
341987,Ogonblink
341978,Carma
341985,Le Royal
341976,Callebaut
341992,Van Houten
341983,Gertrude Hawk Ingredients
341974,Cabosse Naturals
341990,Stewart & Arnold
341981,D'Orsogna Dolciaria
341988,Satro Quality Drinks
341979,Chocovic
341986,Mona Lisa
341977,Caprimo
341993,Van Leer
341984,La Morella
341975,Cacao Barry
341991,Van Houten Professional
341982,Dings Decor
341989,Sicao Chocolate
341980,Classic
343884,Iams
343900,Twix
343891,Orbit
343875,Cesar
343882,Extra
343898,Tastybite
343889,Milky Way
343873,Altoids
343896,Snickers
343880,Ethel-M
343887,M&M's
343903,Whiskas
343894,Sheba
343878,Doublemint
343885,Kind
343901,Uncle Ben's
343892,Royal Canin
343876,Cocoavia
343883,Goodnessknows
343899,Turin
343890,Natura
343874,Bright Tea Co.
343881,Eukanuba
343897,Starburst
343888,Mars
343904,Wisdom Panel
343872,3 Musketeers
343895,Skittles
343879,Dove
343886,Krave
343902,Waltham
343893,Seeds of Change
343877,Combos
344912,Evolution Fresh
344917,Teavana
344915,Starbucks Coffee
344913,La Boulange
344918,Torrefazione Italia Coffee
344916,Tazo
344914,Seattle�s Best Coffee
345242,Katsuan
345249,Sukiya
345240,Hanaya Yohei
345247,Olive Hill
345238,Denmaru
345254,Zensho
345245,Moriva Coffee
345236,Cafe Milano
345252,Torito
345243,Kyubeiya
345234,Advanced Fresh Concepts
345250,Taon'an
345241,Jolly Pasta
345248,Seto Udon
345239,Hama-Sushi
345246,Nakau
345237,Coco's
345253,Victoria Station
345244,Lotteria
345235,Big Boy
345251,The Chicken Rice Shope
